Size,Duration
101.0,0.17452361282664544
103.0,0.14241559603998516
