Size,Average Time
101,0.21527753190013754
103,0.22452967631987122
105,0.22625611480005317
107,0.26997281913987536
109,0.2289:q
