Size,Average Time
101,0.19620439337020798
103,0.18768953360027807
